AAHofBergenCountyInc-AAHofBergenCountyInc 
Axxiome-AxxiomeGroup 
BankofNewYork-BankofNewYorkMortgage 
BaptisteInstitute-BaptisteInstituteYogacentric 
CRM-CRMmanager 
CTCCommunication-CTCCommunications 
CarpediaInternational-CarpediaInternationalLtd 
CloudB-CloudBlueTechnologiesanIngramMicrocompanyFormerlyNextendLLC 
ConcordMortgage-ConcordMortgageBank 
CookCollege-CookCollegeofRutgersUniversity 
Curtis-CurtisMalletPrevostColtMosleLLP 
DPhacktory-DPhacktory 
DreamwearInc-DreamwearInc 
EST-ESTAEcolesuprieuredesTechnologiesetdesAffaires 
EZRED-EZREDCOCATFlashlightsandWorkLights 
Electrolux-ElectroluxIndia 
Envirolution-EnvirolutionOne 
GATXTechnology-GATXTechnologyServices 
GallagherBenefitsServices-GallagherBenefitsServicesInc 
Gallery-GalleryCapitalManagementLLC 
HaywireInc-HaywireIncNyc 
Home-HomeEssentialsandBeyond 
Home-HomeSavingsofAmerica 
Home-HoneyCoHomes 
HowardUniversityHomecoming-HowardUniversityHomecomingSteeringCommittee 
HunterCollegeNew-HunterCollegeNewYork 
IBMCorporation-IBMCorporationSoftwareGroup 
IS-ISAMInternationalStandardAssetManagement 
IS-ISTManagement 
IS-ISlideInc 
LambdaChiAlphaDeltaPiChapter-LambdaChiAlphaDeltaPiChapter 
Magtoapp-MagtoappInc 
Merlin-MerlinSight 
Metastorm-MetastormanOpentextCompany 
NORMetals-NORMetalsCorp 
NicePak-NicePakPDI 
NicePak-NicePakProducts 
NorthKoreaStrategyCenter-NorthKoreaStrategyCenterUSInc 
NuWare-NuWareTechnologyCorp 
PERFORM-PERFORMANCEbrandny 
Positivee-PositiveeElectricalAssociates 
PremierHealthcareExchange-PremierHealthcareExchangeinc 
Prime-PrimeAutoGroup 
Prime-PrimeReliefTherapeuticMassage 
Project-ProjectAmuso 
Project-ProjectGroupLLC 
Project-ProjectMore 
Project-ProjectOnMiddleEastDemocracy 
Project-ProjectRecharge 
Project-ProjectSpanServices 
Pub-PublicHousingAuthoritiesDirectorsAssociationPHADA 
Pub-PublicOversightBoard 
Pub-PublicRelationsandSocialMediaFreelancer 
Pub-PublicisGroupePhonevalley 
Pub-PublicityForce 
Pub-Pubvantage 
Pulse-PulseFilms 
Pulse-PulsePointGroup 
RallyeMotorsMercedesBenz-RallyeMotorsMercedesBenz 
RockyMountainChocolateFactory-RockyMountainChocolateFactoryInc 
Security-SecurityDodgeChryslerJeepRamGEM 
Security-SecurityIndustrySpecialistsInc 
SimbaProduction-SimbaProductions 
Solutions-SolutionsLLC 
Speakeasy-Speakeasyco 
SteelesAutoSuppliesCoLtd-SteelesAutoSuppliesCoLtd 
Student-StudentActivitiesBoard 
Student-StudentGoverningBoardofColumbiaUniversity 
Student-StudentLoanInstitute 
Student-StudentStartupMadness 
Studio-StudiosArchitecture 
Sullivan-SullivanComplexGym 
Sullivan-SullivanMumfordLLC 
TheClub-TheClubatBarefootBeach 
TheInstitute-TheInstitutesUSA 
Transform-TransformInc 
TriplePoint-TriplePointTechnology 
Velocity-VelocityGlobalLLC 
Velocity-VelocityMadeGoodAvalanche 
Walla-WallaceChurchInc 
